{
    "RendererConfig": {
        "ClearColor": {
            "w": 1.0,
            "x": 0.936274528503418,
            "y": 0.4819060266017914,
            "z": 0.4819060266017914
        }
    }
}