{
    "EntityInspectorPanel": {
        "cameraFixRatio": false,
        "positionDragSpeed": 0.004399999976158142,
        "rotationDragSpeed": 0.10000000149011612,
        "scaleDragSpeed": 0.10000000149011612,
        "scaleFixRatio": false,
        "visible": true
    },
    "FlipbookEditorPanel": {
        "gridColor1": {
            "w": 1.0,
            "x": 0.6000000238418579,
            "y": 0.6000000238418579,
            "z": 0.6000000238418579
        },
        "gridColor2": {
            "w": 1.0,
            "x": 0.949999988079071,
            "y": 0.949999988079071,
            "z": 0.949999988079071
        },
        "gridLength": 32,
        "previewBgColor": {
            "w": 1.0,
            "x": 0.33000001311302185,
            "y": 0.33000001311302185,
            "z": 0.3799999952316284
        },
        "useGridBit": true,
        "zoomRatio": 0.7499998807907104
    },
    "PerformancePanel": {
        "visible": false
    },
    "ResourceBrowser": {
        "visible": true,
        "zoom": 0.8500000238418579
    },
    "SceneHierarchyPanel": {
        "visible": true
    }
}