{
    "RendererConfig": {
        "clearColor": {
            "w": 1.0,
            "x": 1.0,
            "y": 0.38823533058166504,
            "z": 0.27843138575553894
        }
    }
}